<?xml version="1.0" encoding="UTF-8"?>
<project-private xmlns="http://www.netbeans.org/ns/project-private/1">
    <editor-bookmarks xmlns="http://www.netbeans.org/ns/editor-bookmarks/2" lastBookmarkId="0"/>
    <open-files xmlns="http://www.netbeans.org/ns/projectui-open-files/2">
        <group>
            <file>file:/C:/Users/duke/Downloads/SE1722_JDBC/web/view/student/add.jsp</file>
            <file>file:/C:/Users/duke/Downloads/SE1722_JDBC/src/java/dal/StudentDBContext.java</file>
            <file>file:/C:/Users/duke/Downloads/SE1722_JDBC/src/java/dal/att/AttendanceDBContext.java</file>
            <file>file:/C:/Users/duke/Downloads/SE1722_JDBC/web/view/att/lecturer/att.jsp</file>
            <file>file:/C:/Users/duke/Downloads/SE1722_JDBC/src/java/controller/att/student/TimeTableController.java</file>
            <file>file:/C:/Users/duke/Downloads/SE1722_JDBC/src/java/util/att/DateTimeHelper.java</file>
            <file>file:/C:/Users/duke/Downloads/SE1722_JDBC/src/java/test/BServlet.java</file>
            <file>file:/C:/Users/duke/Downloads/SE1722_JDBC/web/view/student/list.jsp</file>
            <file>file:/C:/Users/duke/Downloads/SE1722_JDBC/src/java/controller/authentication/BaseRequiredAuthenticationController.java</file>
            <file>file:/C:/Users/duke/Downloads/SE1722_JDBC/web/WEB-INF/web.xml</file>
            <file>file:/C:/Users/duke/Downloads/SE1722_JDBC/web/view/att/student/timetable.jsp</file>
            <file>file:/C:/Users/duke/Downloads/SE1722_JDBC/src/java/test/XServlet.java</file>
            <file>file:/C:/Users/duke/Downloads/SE1722_JDBC/src/java/dal/att/TimeSlotDBContext.java</file>
            <file>file:/C:/Users/duke/Downloads/SE1722_JDBC/src/java/dal/DBContext.java</file>
            <file>file:/C:/Users/duke/Downloads/SE1722_JDBC/web/view/home/index.jsp</file>
            <file>file:/C:/Users/duke/Downloads/SE1722_JDBC/src/java/controller/home/IndexController.java</file>
            <file>file:/C:/Users/duke/Downloads/SE1722_JDBC/src/java/model/att/Student.java</file>
            <file>file:/C:/Users/duke/Downloads/SE1722_JDBC/src/java/model/att/Session.java</file>
            <file>file:/C:/Users/duke/Downloads/SE1722_JDBC/src/java/controller/att/lecturer/TakeAttendanceController.java</file>
            <file>file:/C:/Users/duke/Downloads/SE1722_JDBC/src/java/controller/authentication/LoginController.java</file>
            <file>file:/C:/Users/duke/Downloads/SE1722_JDBC/src/java/test/AServlet.java</file>
            <file>file:/C:/Users/duke/Downloads/SE1722_JDBC/web/view/student/update.jsp</file>
            <file>file:/C:/Users/duke/Downloads/SE1722_JDBC/src/java/dal/UserDBContext.java</file>
        </group>
    </open-files>
</project-private>
